key,main_integral,var_integral,pct_diff_integral,main_peak,var_peak,pct_diff_peak,main_latency,var_latency,correlation
"(0, -1)",-823.4232202098096,-494.0871706149756,39.995963377243434,-5.238787750457094,-2.951884997057362,43.653281299670816,18.0,27.0,0.6223872855701768
"(0, 0)",6.120692313965312,1.7497962333800405,-71.41179226755757,0.35614389470024116,0.10563741048776201,-70.33855920043925,2.0,5.0,0.9612101856066264
"(0, 1)",0.5489776375601358,0.6610561426060197,20.41585984157809,0.052709279368787755,0.05302939415478533,0.6073214998024324,5.0,3.0,0.9925081244209293
"(0, 2)",1.4695484684374365,0.3832927260436375,-73.91765332849546,0.05948718282033064,0.022790752049817637,-61.687962062932726,0.0,5.0,0.7767332365845688
"(0, 3)",1.2716627017150406,0.7027531901800037,-44.737453631986796,0.08790772630202671,0.08010458388081107,-8.87651489745759,0.0,1.0,0.972383771126606
"(0, 4)",1.30881666929471,1.1293477061827932,-13.712307256036736,0.061186780627546844,0.06148690969583071,0.490512926494366,0.0,0.0,0.9886481090276907
"(0, 5)",5.007477777841091,1.093859389737124,-78.15548189594308,0.14313565874326098,0.0442419608841227,-69.09088813188163,6.0,0.0,0.770548793962422
"(0, 6)",-514.8054529079046,-148.94117819511663,71.06845365490693,-9.850016490484744,-2.7730505886442343,71.84724927797797,118.0,118.0,0.9923847701750623
"(0, 7)",8.908745289203349,5.509384615187685e-12,-99.99999999993815,1.1409129149166575,-1.1181754298615498,-198.00707970276866,11.0,54.0,0.007976074788050442
"(1, -1)",-845.5778150763566,-545.3455715239885,35.50616373789996,-5.31988465238995,-3.2810242064163413,38.32527543727201,39.0,37.0,0.8051918180920739
"(1, 0)",1.0791005113349903,1.0882240337821645,0.8454747589626452,0.07910023893187396,0.033007896912254156,-58.27079999001949,0.0,10.0,0.36169489632216095
"(1, 1)",11.381055200913782,0.45416918529526296,-96.00942814811408,0.6919215559234841,0.02491639100146232,-96.39895725344078,0.0,10.0,0.6323328747085385
"(1, 2)",1.0646648846043218,0.5524181072175862,-48.1134284406412,0.028482593973961797,0.0253801941136714,-10.89226586288646,30.0,3.0,0.15065525172046618
"(1, 3)",-0.3913668752448054,-0.009384511105270048,97.6021192137429,0.018631088283979726,0.027948164061975676,50.00822086172714,3.0,5.0,0.9046226638870961
"(1, 4)",1.874077983946695,1.8650041543986067,-0.48417566535728646,0.08167916741612924,0.045557855019992426,-44.22340914925134,2.0,24.0,0.5467002330392187
"(1, 5)",3.5363146039430533,1.075158320264955,-69.59664394490991,0.09675507278734448,0.05020738645079207,-48.10878127171522,12.0,7.0,0.8601513102436141
"(1, 6)",-441.64246060181233,-88.22502867547632,80.02342696957741,-11.026596066996209,-2.7191531450461306,75.34004938128777,84.0,84.0,0.98628422954528
"(1, 7)",-2.0700950333534713,-2.435107671061587e-12,99.99999999988238,2.1136449647579223,-1.5814948901886214,-174.82310967820234,78.0,0.0,0.015041955698340282
"(2, -1)",-594.7641879788264,-482.07601996716505,18.94669690766133,-3.824401565177679,-2.73391714096487,28.513857805675954,11.0,20.0,0.8318146668666785
"(2, 0)",0.48427307180773826,0.0026804008365658057,-99.44651045193157,0.01533194505536068,0.03235378407834679,111.02204554949519,19.0,2.0,-0.5062346456056249
"(2, 1)",0.00800552968003343,-0.7930385968784359,-10006.135241198985,0.026488827136870237,-0.04059255238523285,-253.24405333421274,7.0,32.0,0.952448271657241
"(2, 2)",6.457013718976645,4.804652717816715,-25.590173307263907,0.4287922681798247,0.33969581724131714,-20.77846490019795,1.0,0.0,0.9711400260019903
"(2, 3)",-1.2156535103812995,0.1814846643206649,114.92897957936556,-0.04146791731489334,0.057780102291652605,239.33688025103854,28.0,0.0,0.6168896866533792
"(2, 4)",0.9192230020184498,0.8055423367205675,-12.367038797795503,0.07343607343459554,0.08861856970332734,20.674439085109576,0.0,0.0,0.9792572994037663
"(2, 5)",2.1666531548170838,0.8628480966982263,-60.17599333885673,0.09057541815567897,0.07442304109876463,-17.8330692651642,4.0,0.0,0.49785642118313
"(2, 6)",-669.8185817495587,-469.7077261719555,29.875381339065843,-10.621120305306995,-7.59467486701574,28.494597098001503,153.0,153.0,0.9993658311002713
"(2, 7)",0.8968344512703121,-6.650013872899763e-12,-100.0000000007415,-0.7659648052178435,1.425998064961602,286.1701810902451,25.0,42.0,0.09196690526618032
"(3, -1)",-916.6731660238424,-578.1306947742653,36.931644101467214,-5.540198940484518,-3.3368059921148294,39.7710077208345,33.0,0.0,0.953374842576715
"(3, 0)",1.29631645999569,1.4343129524835856,10.645278120464072,0.04320034795098652,0.07729957368816913,78.93275715248939,0.0,7.0,0.7319622065877925
"(3, 1)",0.337439644880572,0.6109794575516603,81.06332993798064,0.019761574457250956,0.017613071959843022,-10.872122067275876,6.0,10.0,0.8353816351781553
"(3, 2)",2.5107818873627696,1.8525357370843551,-26.21677946585043,0.09047489511674912,0.11209843508272549,23.900044247714543,0.0,0.0,0.9073997178398059
"(3, 3)",6.418793179431075,-0.8917603274586884,-113.8929593543584,0.4457320761844649,0.12397597181514466,-72.1859883012239,1.0,0.0,0.7640822463406511
"(3, 4)",1.2818077352123973,2.2864781922867365,78.37918507395058,0.09588527833494165,0.09274024389364995,-3.2799971965515144,0.0,0.0,0.8427929057369661
"(3, 5)",3.130954037558015,-0.5735167946808515,-118.317636982246,0.12586316315474677,-0.02572007304625709,-120.43494887748425,1.0,32.0,0.3869414107649745
"(3, 6)",-275.913284518997,-115.48567385054557,58.14421402294088,-8.076312766145001,-2.7635972856000874,65.78144797481373,82.0,75.0,0.9842019471455681
"(3, 7)",0.8744072118592886,-4.17316181611227e-12,-100.00000000047726,1.3817403460846813,-1.2941011406827205,-193.65733180982252,28.0,56.0,0.2205953336258114
"(4, -1)",-713.7228787650511,-416.3640020930685,41.663071973606925,-4.297770542025637,-2.434572962237261,43.35265369728669,143.0,119.0,0.21587891251995053
"(4, 0)",0.3999548187436808,0.9143683856528639,128.6179195252691,0.02060305018899387,0.04333808039223814,110.34788536014585,13.0,0.0,0.4180402215441063
"(4, 1)",-0.027769443643157726,-0.7270157587271269,-2518.0422196044265,0.02030113137936521,-0.03086805286871849,-252.05089948875397,8.0,30.0,0.8299447010211124
"(4, 2)",1.6755656469525317,0.717024501741442,-57.207018236167315,0.10104894484777864,0.10805458922144134,6.932921847146539,0.0,0.0,0.4769579538870666
"(4, 3)",-0.7684858992715148,-0.16059171958083673,79.1028410888125,-0.029944504181402164,0.05041120860820855,268.34878381295016,17.0,0.0,0.8926692372216767
"(4, 4)",11.331466859484562,3.433926630792303,-69.69565658731932,0.6413925727608242,0.1795768254838154,-72.00204163405868,2.0,1.0,0.996202713733275
"(4, 5)",3.786800631826363,-0.3656748827690695,-109.65656548421737,0.12460704907713822,-0.015221058243346786,-112.21524653386516,1.0,31.0,0.2626637973138064
"(4, 6)",-967.8457414225086,-287.0099009617824,70.34549115854512,-16.52733062228922,-5.540595074014082,66.47616484090976,126.0,126.0,0.9960825346218711
"(4, 7)",-1.9963688720077322,-4.348632565154276e-12,99.99999999978219,-1.3824560110072652,2.0755112880173163,250.13217574316067,48.0,0.0,0.03550315743009843
"(5, -1)",-726.9632818670809,-342.6967552857018,52.859138303994705,-5.1788111956993665,-2.115254363555358,59.15559993166143,13.0,165.0,0.7263643347245847
"(5, 0)",0.4216323487948146,-0.1640258035605776,-138.90256618815553,0.014089555651321452,0.020810938311122906,47.70471706942057,0.0,1.0,-0.3379242052091094
"(5, 1)",-0.7721686517249117,-0.55053752662959,28.702424606364197,-0.03483165383270717,0.027907228464014364,180.12030837826387,31.0,5.0,0.9960208117197532
"(5, 2)",0.7073752645690224,0.10091801012923392,-85.73345504373557,0.09649522584966712,0.04074698303534399,-57.77305801758009,0.0,0.0,0.20208715685457793
"(5, 3)",-0.5682483341129702,0.4202356428813266,173.95281563602123,-0.08361808488831102,-0.029633020462182545,64.56146956515032,0.0,10.0,-0.8520381063044278
"(5, 4)",0.4977996764135566,-0.3510357667350749,-170.51747587787608,0.11154731535389645,0.02743313337193711,-75.40672916698855,0.0,1.0,0.8388287060055891
"(5, 5)",25.452157525183097,2.200810500523829,-91.35314757365349,1.638577009834959,0.05641431477780022,-96.55711544595134,1.0,28.0,0.19717767605767741
"(5, 6)",-421.85030185410545,-39.14232726149475,90.72127551184451,-16.632461602004426,-2.091705250834936,87.42395863650839,52.0,52.0,0.975125855941204
"(5, 7)",-1.7569698135138958,-1.1886325257393082e-14,99.99999999999932,2.4768990536049973,-1.243028691464342,-150.1848749005406,56.0,75.0,-0.15175211272716954
